-- MySQL dump 10.13  Distrib 5.5.35, for CYGWIN (i686)
--
-- Host: 127.0.0.1    Database: itmgr
-- ------------------------------------------------------
-- Server version	5.5.35

/*!40101 SET @OLD_CHARACTER_SET_CLIENT=@@CHARACTER_SET_CLIENT */;
/*!40101 SET @OLD_CHARACTER_SET_RESULTS=@@CHARACTER_SET_RESULTS */;
/*!40101 SET @OLD_COLLATION_CONNECTION=@@COLLATION_CONNECTION */;
/*!40101 SET NAMES utf8 */;
/*!40103 SET @OLD_TIME_ZONE=@@TIME_ZONE */;
/*!40103 SET TIME_ZONE='+00:00' */;
/*!40014 SET @OLD_UNIQUE_CHECKS=@@UNIQUE_CHECKS, UNIQUE_CHECKS=0 */;
/*!40014 SET @OLD_FOREIGN_KEY_CHECKS=@@FOREIGN_KEY_CHECKS, FOREIGN_KEY_CHECKS=0 */;
/*!40101 SET @OLD_SQL_MODE=@@SQL_MODE, SQL_MODE='NO_AUTO_VALUE_ON_ZERO' */;
/*!40111 SET @OLD_SQL_NOTES=@@SQL_NOTES, SQL_NOTES=0 */;

--
-- Table structure for table `device_info`
--

DROP TABLE IF EXISTS `device_info`;
/*!40101 SET @saved_cs_client     = @@character_set_client */;
/*!40101 SET character_set_client = utf8 */;
CREATE TABLE `device_info` (
  `devid` int(11) NOT NULL AUTO_INCREMENT,
  `devtype` tinyint(4) DEFAULT NULL,
  `devmodel` int(11) DEFAULT NULL,
  `devname` varchar(100) DEFAULT NULL,
  `poolid` int(11) DEFAULT NULL,
  `rack` int(11) DEFAULT NULL,
  `slot` tinyint(4) DEFAULT NULL,
  `userid` int(11) DEFAULT NULL,
  `project` int(11) DEFAULT NULL,
  `comments` varchar(255) DEFAULT NULL,
  PRIMARY KEY (`devid`)
) ENGINE=InnoDB AUTO_INCREMENT=182 DEFAULT CHARSET=latin1;
/*!40101 SET character_set_client = @saved_cs_client */;

--
-- Dumping data for table `device_info`
--

LOCK TABLES `device_info` WRITE;
/*!40000 ALTER TABLE `device_info` DISABLE KEYS */;
INSERT INTO `device_info` VALUES (1,3,2,'BL460G8-602-01',0,602,1,5,0,' '),(2,3,2,'BL460G8-602-02',0,602,2,5,0,' '),(3,3,2,'BL460G8-602-03',0,602,3,41,0,''),(4,3,2,'BL460G8-602-04',0,602,4,41,0,' '),(5,3,2,'BL460G8-602-05',0,602,5,33,0,' '),(6,3,2,'BL460G8-602-06',0,602,6,33,0,' '),(7,3,2,'BL460G8-602-07',0,602,7,33,0,' '),(8,3,4,'StorageWorks-602-08',0,602,8,33,3,' '),(9,3,2,'BL460G8-602-09',0,602,9,6,0,' '),(10,3,2,'BL460G8-602-10',0,602,10,6,0,' '),(11,3,2,'BL460G8-602-11',0,602,11,0,0,'not insert blade'),(12,3,2,'BL460G8-602-12',0,602,12,0,0,'not insert blade'),(13,3,2,'BL460G8-602-13',0,602,13,33,0,' '),(14,3,2,'BL460G8-602-14',0,602,14,33,0,' '),(15,3,2,'BL460G8-602-15',0,602,15,33,0,' '),(16,3,4,'StorageWorks-602-16',0,602,16,33,3,' '),(17,3,2,'BL460G8-801-01',0,801,1,6,0,' '),(18,3,2,'BL460G8-801-02',0,801,2,28,0,' '),(19,3,2,'BL460G8-801-03',0,801,3,6,0,' '),(20,3,2,'BL460G8-801-04',0,801,4,6,0,' '),(21,3,2,'BL460G8-801-05',0,801,5,21,2,' '),(22,3,2,'BL460G8-801-06',0,801,6,9,1,' '),(23,3,2,'BL460G8-801-07',0,801,7,21,2,' '),(24,3,4,'StorageWorks-801-08',0,801,8,21,2,' '),(25,3,2,'BL460G8-801-09',0,801,9,2,0,' '),(26,3,2,'BL460G8-801-10',0,801,10,5,0,' '),(27,3,2,'BL460G8-801-11',0,801,11,21,2,' '),(28,3,2,'BL460G8-801-12',0,801,12,21,2,' '),(29,3,2,'BL460G8-801-13',0,801,13,21,2,' '),(30,3,2,'BL460G8-801-14',0,801,14,33,2,' '),(31,3,2,'BL460G8-801-15',0,801,15,21,2,''),(32,3,4,'StorageWorks-801-16',0,801,16,21,2,' '),(33,3,1,'BL460G6-802-01',0,802,1,7,0,' '),(34,3,1,'BL460G6-802-02',0,802,2,7,0,' '),(35,3,1,'BL460G6-802-03',0,802,3,11,0,' '),(36,3,1,'BL460G6-802-04',0,802,4,22,0,' '),(37,3,1,'BL460G6-802-05',0,802,5,23,0,' '),(38,3,1,'BL460G6-802-06',0,802,6,21,0,' '),(39,3,1,'BL460G6-802-07',0,802,7,12,0,' '),(40,3,1,'BL460G6-802-08',0,802,8,0,1,' '),(41,3,1,'BL460G6-802-09',0,802,9,0,1,' '),(42,3,1,'BL460G6-802-10',0,802,10,19,0,' '),(43,3,1,'BL460G6-802-11',0,802,11,18,0,' '),(44,3,1,'BL460G6-802-12',0,802,12,36,0,' '),(45,3,1,'BL460G6-802-13',0,802,13,16,0,' '),(46,3,1,'BL460G6-802-14',0,802,14,25,0,' '),(47,3,1,'BL460G6-802-15',0,802,15,38,0,' '),(48,3,1,'BL460G6-802-16',0,802,16,15,0,' '),(49,3,2,'BL460G8-1001-01',0,1001,1,2,0,' '),(50,3,2,'BL460G8-1001-02',0,1001,2,5,0,' '),(51,3,2,'BL460G8-1001-03',0,1001,3,11,0,' '),(52,3,2,'BL460G8-1001-04',0,1001,4,11,0,' '),(53,3,2,'BL460G8-1001-05',0,1001,5,1,0,' '),(54,3,2,'BL460G8-1001-06',0,1001,6,22,0,' '),(55,3,2,'BL460G8-1001-07',0,1001,7,22,0,' '),(56,3,2,'BL460G8-1001-08',0,1001,8,22,0,' '),(57,3,2,'BL460G8-1001-09',0,1001,9,22,0,' '),(58,3,2,'BL460G8-1001-10',0,1001,10,22,0,' '),(59,3,2,'BL460G8-1001-11',0,1001,11,33,2,' '),(60,3,2,'BL460G8-1001-12',0,1001,12,33,2,' '),(61,3,2,'BL460G8-1001-13',0,1001,13,21,0,' '),(62,3,2,'BL460G8-1001-14',0,1001,14,21,0,' '),(63,3,2,'BL460G8-1001-15',0,1001,15,21,0,' '),(64,3,2,'BL460G8-1001-16',0,1001,16,21,0,' '),(65,3,2,'BL460G8-1002-01',0,1002,1,21,0,' '),(66,3,2,'BL460G8-1002-02',0,1002,2,21,0,' '),(67,3,2,'BL460G8-1002-03',0,1002,3,21,0,' '),(68,3,2,'BL460G8-1002-04',0,1002,4,21,0,' '),(69,3,2,'BL460G8-1002-05',0,1002,5,21,0,' '),(70,3,2,'BL460G8-1002-06',0,1002,6,21,0,' '),(71,3,2,'BL460G8-1002-07',0,1002,7,21,0,' '),(72,3,2,'BL460G8-1002-08',0,1002,8,21,0,' '),(73,3,2,'BL460G8-1002-09',0,1002,9,21,0,' '),(74,3,2,'BL460G8-1002-10',0,1002,10,21,0,' '),(75,3,2,'BL460G8-1002-11',0,1002,11,21,0,' '),(76,3,2,'BL460G8-1002-12',0,1002,12,21,0,' '),(77,3,2,'BL460G8-1002-13',0,1002,13,21,0,' '),(78,3,2,'BL460G8-1002-14',0,1002,14,21,0,' '),(79,3,2,'BL460G8-1002-15',0,1002,15,0,1,' '),(80,3,2,'BL460G8-1002-16',0,1002,16,0,1,' '),(81,3,2,'BL460G8-1101-01',0,1101,1,33,3,' '),(82,3,2,'BL460G8-1101-02',0,1101,2,33,3,' '),(83,3,2,'BL460G8-1101-03',0,1101,3,33,3,' '),(84,3,2,'BL460G8-1101-04',0,1101,4,33,3,' '),(85,3,1,'BL460G6-1101-05',0,1101,5,9,0,' '),(86,3,1,'BL460G6-1101-06',0,1101,6,0,1,' '),(87,3,3,'BL620CG7-1101-08',0,1101,8,3,0,' '),(88,3,2,'BL460G8-1101-09',0,1101,9,33,3,' '),(89,3,2,'BL460G8-1101-10',0,1101,10,33,3,' '),(90,3,2,'BL460G8-1101-11',0,1101,11,33,3,' '),(91,3,2,'BL460G8-1101-12',0,1101,12,21,0,' '),(92,3,2,'BL460G8-1101-13',0,1101,13,33,0,' '),(93,3,4,'StorageWorks-1101-14',0,1101,14,33,0,' '),(94,3,2,'BL460G8-1101-15',0,1101,15,33,4,' '),(95,3,2,'BL460G8-1102-01',0,1102,1,0,7,' '),(96,3,2,'BL460G8-1102-02',0,1102,2,0,7,' '),(97,3,2,'BL460G8-1102-03',0,1102,3,0,7,' '),(98,3,2,'BL460G8-1102-04',0,1102,4,0,5,' '),(99,3,2,'BL460G8-1102-05',0,1102,5,0,5,' '),(100,3,2,'BL460G8-1102-06',0,1102,6,0,6,' '),(101,3,2,'BL460G8-1102-07',0,1102,7,0,6,' '),(102,3,2,'BL460G8-1102-08',0,1102,8,3,0,' '),(103,3,2,'BL460G8-1102-09',0,1102,9,33,3,' '),(104,3,2,'BL460G8-1102-10',0,1102,10,33,3,' '),(105,3,2,'BL460G8-1102-11',0,1102,11,33,3,' '),(106,3,2,'BL460G8-1102-12',0,1102,12,27,2,' '),(107,3,2,'BL460G8-1102-13',0,1102,13,39,2,' '),(108,3,2,'BL460G8-1102-14',0,1102,14,32,8,' '),(109,3,2,'BL460G8-1102-15',0,1102,15,32,8,' '),(110,3,2,'BL460G8-1102-16',0,1102,16,32,8,' '),(111,4,8,'DL360G6-01',0,5,0,0,11,' '),(112,4,8,'DL360G6-02',0,5,0,0,11,' '),(113,4,8,'DL360G6-03',0,5,0,0,9,' '),(114,4,8,'DL360G6-04',0,5,0,0,9,' '),(115,4,8,'DL360G6-05',0,5,0,0,9,' '),(116,4,8,'DL360G6-06',0,5,0,0,9,' '),(117,4,8,'DL360G6-07',0,5,0,0,9,' '),(118,4,8,'DL360G6-08',0,5,0,0,7,' '),(119,4,10,'DL388G7-01',0,1,0,5,0,' '),(120,4,9,'DL380PG8-01',0,1,0,0,1,' '),(121,4,9,'DL380PG8-02',0,1,0,0,1,' '),(122,4,9,'DL380PG8-03',0,1,0,0,1,' '),(123,4,9,'DL380PG8-04',0,1,0,0,1,' '),(124,4,9,'DL380PG8-05',0,1,0,0,1,' '),(125,4,9,'DL380PG8-06',0,1,0,0,1,' '),(126,4,9,'DL380PG8-07',0,1,0,0,1,' '),(127,4,9,'DL380PG8-08',0,1,0,0,1,' '),(128,4,9,'DL380PG8-10',0,1,0,0,1,' '),(129,4,11,'Mullins-01',0,12,0,1,0,' '),(130,4,11,'Mullins-02',0,12,0,1,0,''),(131,4,11,'Mullins-03',0,12,0,44,0,''),(132,4,11,'Mullins-04',0,4,0,44,0,''),(133,4,6,'DL120G6-02',0,4,0,41,9,' '),(134,4,6,'DL120G6-03',0,4,0,41,9,' '),(135,4,6,'DL120G6-04',0,4,0,40,0,' '),(136,4,6,'DL120G6-05',0,4,0,46,3,'KT VNC'),(137,4,6,'DL120G6-06',0,4,0,7,0,'meat OS and Seagull installed'),(138,4,6,'DL120G6-07',0,4,0,7,0,'meat OS and Seagull installed'),(139,4,6,'DL120G6-08',0,4,0,7,0,'meat OS and Seagull installed'),(140,4,6,'DL120G6-09',0,4,0,7,0,'meat OS and Seagull installed'),(141,4,6,'DL120G6-10',0,4,0,35,0,'meat OS and Seagull installed'),(142,4,6,'DL120G6-11',0,12,0,29,0,'NTP Meat2 system'),(143,4,6,'DL120G6-12',0,4,0,47,10,'automation Center'),(144,4,7,'DL120G7-01',0,12,0,4,0,'automation Center'),(145,4,7,'DL120G7-02',0,12,0,45,0,' '),(146,4,7,'DL120G7-03',0,12,0,45,0,' '),(147,4,7,'DL120G7-04',0,12,0,7,0,' '),(148,4,7,'DL120G7-05',0,12,0,41,9,' '),(149,4,6,'DL120G7-06',0,12,0,2,7,''),(150,4,7,'DL120G7-07',0,12,0,14,0,' '),(151,4,7,'DL120G7-08',0,12,0,14,0,' '),(152,4,7,'DL120G7-09',0,12,0,12,0,' '),(153,4,7,'DL120G7-10',0,12,0,14,0,' '),(154,4,5,'IBM3650-01',0,15,0,9,0,''),(155,4,5,'IBM3650-02',0,15,0,9,0,' '),(156,4,5,'IBM3650-03',0,15,0,9,0,' '),(157,4,5,'IBM3650-04',0,15,0,9,0,' '),(158,4,5,'IBM3650-05',0,15,0,9,0,' '),(159,4,5,'IBM3650-06',0,15,0,9,0,''),(160,4,9,'DL380PG8-09',0,1,0,0,1,''),(161,4,9,'DL380PG8-16',0,7,0,0,1,' '),(162,4,9,'DL380PG8-19',0,7,0,0,1,' '),(163,4,9,'DL380PG8-20',0,7,0,0,1,' '),(164,4,9,'DL380PG8-22',0,7,0,0,1,' '),(165,4,9,'DL380PG8-11',0,7,0,0,1,' '),(166,4,9,'DL380PG8-12',0,7,0,0,1,' '),(167,4,9,'DL380PG8-13',0,7,0,0,1,' '),(168,4,9,'DL380PG8-14',0,7,0,0,1,' '),(169,4,9,'DL380PG8-15',0,7,0,0,1,' '),(170,4,9,'DL380PG8-17',0,7,0,0,1,' '),(171,4,9,'DL380PG8-18',0,7,0,0,1,' '),(172,4,9,'DL380PG8-21',0,7,0,0,1,' '),(173,4,8,'DL360G6-09',0,9,0,0,9,' '),(174,4,8,'DL360G6-10',0,9,0,0,5,' '),(175,4,8,'DL360G6-11',0,9,0,0,5,' '),(176,4,8,'DL360G6-12',0,9,0,0,5,' '),(177,4,8,'DL360G6-13',0,9,0,17,3,' '),(178,4,8,'DL360G6-14',0,9,0,28,0,' '),(179,4,8,'DL360G6-15',0,9,0,47,0,' '),(180,4,8,'DL360G6-16',0,9,0,40,0,' '),(181,4,6,'DL120G6-17',0,9,0,0,0,' ');
/*!40000 ALTER TABLE `device_info` ENABLE KEYS */;
UNLOCK TABLES;

--
-- Table structure for table `devmodel_dict`
--

DROP TABLE IF EXISTS `devmodel_dict`;
/*!40101 SET @saved_cs_client     = @@character_set_client */;
/*!40101 SET character_set_client = utf8 */;
CREATE TABLE `devmodel_dict` (
  `devmodel` int(11) NOT NULL AUTO_INCREMENT,
  `devtype` tinyint(4) NOT NULL,
  `modelname` varchar(100) DEFAULT NULL,
  PRIMARY KEY (`devmodel`)
) ENGINE=InnoDB AUTO_INCREMENT=15 DEFAULT CHARSET=latin1;
/*!40101 SET character_set_client = @saved_cs_client */;

--
-- Dumping data for table `devmodel_dict`
--

LOCK TABLES `devmodel_dict` WRITE;
/*!40000 ALTER TABLE `devmodel_dict` DISABLE KEYS */;
INSERT INTO `devmodel_dict` VALUES (1,3,'BL460G6'),(2,3,'BL460G8'),(3,3,'BL620CG7'),(4,3,'StorageWorks'),(5,4,'IBM3650'),(6,4,'DL120G6'),(7,4,'DL120G7'),(8,4,'DL360G6'),(9,4,'DL380P'),(10,4,'DL388G7'),(11,4,'Mullins'),(12,5,'VMWare'),(13,5,'KVM'),(14,5,'OVM');
/*!40000 ALTER TABLE `devmodel_dict` ENABLE KEYS */;
UNLOCK TABLES;

--
-- Table structure for table `devtype_dict`
--

DROP TABLE IF EXISTS `devtype_dict`;
/*!40101 SET @saved_cs_client     = @@character_set_client */;
/*!40101 SET character_set_client = utf8 */;
CREATE TABLE `devtype_dict` (
  `devtype` tinyint(4) NOT NULL AUTO_INCREMENT,
  `typename` varchar(100) DEFAULT NULL,
  PRIMARY KEY (`devtype`)
) ENGINE=InnoDB AUTO_INCREMENT=6 DEFAULT CHARSET=latin1;
/*!40101 SET character_set_client = @saved_cs_client */;

--
-- Dumping data for table `devtype_dict`
--

LOCK TABLES `devtype_dict` WRITE;
/*!40000 ALTER TABLE `devtype_dict` DISABLE KEYS */;
INSERT INTO `devtype_dict` VALUES (1,'switch'),(2,'router'),(3,'blade'),(4,'rms'),(5,'vm');
/*!40000 ALTER TABLE `devtype_dict` ENABLE KEYS */;
UNLOCK TABLES;

--
-- Table structure for table `ip_info`
--

DROP TABLE IF EXISTS `ip_info`;
/*!40101 SET @saved_cs_client     = @@character_set_client */;
/*!40101 SET character_set_client = utf8 */;
CREATE TABLE `ip_info` (
  `ipid` int(11) NOT NULL AUTO_INCREMENT,
  `tag` tinyint(4) DEFAULT NULL,
  `ip` varchar(40) NOT NULL,
  `subnet` int(11) NOT NULL,
  `comments` varchar(255) DEFAULT NULL,
  PRIMARY KEY (`ipid`)
) ENGINE=InnoDB AUTO_INCREMENT=744 DEFAULT CHARSET=latin1;
/*!40101 SET character_set_client = @saved_cs_client */;

--
-- Dumping data for table `ip_info`
--

LOCK TABLES `ip_info` WRITE;
/*!40000 ALTER TABLE `ip_info` DISABLE KEYS */;
INSERT INTO `ip_info` VALUES (1,3,'10.60.26.203',3,'BL460G8-602-01'),(2,3,'10.60.26.204',3,'BL460G8-602-02'),(3,3,'10.60.26.205',3,'BL460G8-602-03'),(4,3,'10.60.26.206',3,'BL460G8-602-04'),(5,3,'10.60.26.207',3,'BL460G8-602-05'),(6,3,'10.60.26.208',3,'BL460G8-602-06'),(7,3,'10.60.26.209',3,'BL460G8-602-07'),(8,3,'10.60.26.210',3,'BL460G8-801-05'),(9,3,'10.60.26.212',3,'BL460G8-801-06'),(10,3,'10.60.26.214',3,'BL460G8-801-07'),(11,3,'10.60.26.216',3,'BL460G8-801-09'),(12,3,'10.60.26.218',3,'BL460G8-801-10'),(13,3,'10.60.26.220',3,'BL460G8-801-11'),(14,3,'10.60.26.222',3,'BL460G8-801-12'),(15,3,'10.60.26.224',3,'BL460G8-801-13'),(16,3,'10.60.26.226',3,'BL460G8-801-14'),(17,3,'10.60.26.227',3,'BL460G8-801-15'),(18,3,'10.60.26.241',3,'BL460G8-602-09'),(19,3,'10.60.26.242',3,'BL460G8-602-10'),(20,3,'10.60.26.243',3,'BL460G8-602-11'),(21,3,'10.60.26.244',3,'BL460G8-602-12'),(22,3,'10.60.26.245',3,'BL460G8-602-13'),(23,3,'10.60.26.246',3,'BL460G8-602-14'),(24,3,'10.60.26.247',3,'BL460G8-602-15'),(25,3,'10.60.28.101',5,'BL460G8-1001-08'),(26,3,'10.60.28.103',5,'BL460G8-1001-09'),(27,3,'10.60.28.105',5,'BL460G8-1001-10'),(28,3,'10.60.28.107',5,'BL460G8-1001-11'),(29,3,'10.60.28.109',5,'BL460G8-1001-12'),(30,3,'10.60.28.110',5,'BL460G8-1001-13'),(31,3,'10.60.28.112',5,'BL460G8-1001-14'),(32,3,'10.60.28.114',5,'BL460G8-1001-15'),(33,3,'10.60.28.116',5,'BL460G8-1001-16'),(34,3,'10.60.28.141',5,'BL460G8-1101-01'),(35,3,'10.60.28.142',5,'BL460G8-1101-02'),(36,3,'10.60.28.143',5,'BL460G8-1101-03'),(37,3,'10.60.28.144',5,'BL460G8-1101-04'),(38,3,'10.60.28.145',5,'BL460G6-1101-05'),(39,3,'10.60.28.146',5,'BL460G6-1101-06'),(40,3,'10.60.28.147',5,'BL620CG7-1101-08'),(41,3,'10.60.28.148',5,'BL460G8-1101-09'),(42,3,'10.60.28.149',5,'BL460G8-1101-10'),(43,3,'10.60.28.150',5,'BL460G8-1101-11'),(44,3,'10.60.28.151',5,'BL460G8-1101-12'),(45,3,'10.60.28.152',5,'BL460G8-1101-13'),(46,3,'10.60.28.153',5,'BL460G8-1101-15'),(47,3,'10.60.28.156',5,'BL460G8-1102-01'),(48,3,'10.60.28.157',5,'BL460G8-1102-02'),(49,3,'10.60.28.158',5,'BL460G8-1102-03'),(50,3,'10.60.28.159',5,'BL460G8-1102-04'),(51,3,'10.60.28.160',5,'BL460G8-1102-05'),(52,3,'10.60.28.161',5,'BL460G8-1102-06'),(53,3,'10.60.28.162',5,'BL460G8-1102-07'),(54,3,'10.60.28.163',5,'BL460G8-1102-08'),(55,3,'10.60.28.164',5,'BL460G8-1102-09'),(56,3,'10.60.28.165',5,'BL460G8-1102-10'),(57,3,'10.60.28.166',5,'BL460G8-1102-11'),(58,3,'10.60.28.167',5,'BL460G8-1102-12'),(59,3,'10.60.28.168',5,'BL460G8-1102-13'),(60,3,'10.60.28.169',5,'BL460G8-1102-14'),(61,3,'10.60.28.170',5,'BL460G8-1102-15'),(62,3,'10.60.28.171',5,'BL460G8-1102-16'),(63,3,'10.60.28.198',5,'BL460G8-801-01'),(64,3,'10.60.28.205',5,'BL460G8-801-02'),(65,3,'10.60.28.207',5,'BL460G8-801-03'),(66,3,'10.60.28.209',5,'BL460G8-801-04'),(67,3,'10.60.28.27',5,'BL460G6-802-01'),(68,3,'10.60.28.28',5,'BL460G6-802-02'),(69,3,'10.60.28.29',5,'BL460G6-802-03'),(70,3,'10.60.28.30',5,'BL460G6-802-04'),(71,3,'10.60.28.31',5,'BL460G6-802-05'),(72,3,'10.60.28.32',5,'BL460G6-802-06'),(73,3,'10.60.28.33',5,'BL460G6-802-07'),(74,3,'10.60.28.34',5,'BL460G6-802-08'),(75,3,'10.60.28.35',5,'BL460G6-802-09'),(76,3,'10.60.28.36',5,'BL460G6-802-10'),(77,3,'10.60.28.37',5,'BL460G6-802-11'),(78,3,'10.60.28.38',5,'BL460G6-802-12'),(79,3,'10.60.28.39',5,'BL460G6-802-13'),(80,3,'10.60.28.40',5,'BL460G6-802-14'),(81,3,'10.60.28.41',5,'BL460G6-802-15'),(82,3,'10.60.28.42',5,'BL460G6-802-16'),(83,3,'10.60.28.55',5,'BL460G8-1002-01'),(84,3,'10.60.28.57',5,'BL460G8-1002-02'),(85,3,'10.60.28.59',5,'BL460G8-1002-03'),(86,3,'10.60.28.61',5,'BL460G8-1002-04'),(87,3,'10.60.28.63',5,'BL460G8-1002-05'),(88,3,'10.60.28.65',5,'BL460G8-1002-06'),(89,3,'10.60.28.67',5,'BL460G8-1002-07'),(90,3,'10.60.28.69',5,'BL460G8-1002-08'),(91,3,'10.60.28.71',5,'BL460G8-1002-09'),(92,3,'10.60.28.73',5,'BL460G8-1002-10'),(93,3,'10.60.28.75',5,'BL460G8-1002-11'),(94,3,'10.60.28.77',5,'BL460G8-1002-12'),(95,3,'10.60.28.79',5,'BL460G8-1002-13'),(96,3,'10.60.28.81',5,'BL460G8-1002-14'),(97,3,'10.60.28.83',5,'BL460G8-1002-15'),(98,3,'10.60.28.85',5,'BL460G8-1002-16'),(99,3,'10.60.28.87',5,'BL460G8-1001-01'),(100,3,'10.60.28.89',5,'BL460G8-1001-02'),(101,3,'10.60.28.91',5,'BL460G8-1001-03'),(102,3,'10.60.28.93',5,'BL460G8-1001-04'),(103,3,'10.60.28.95',5,'BL460G8-1001-05'),(104,3,'10.60.28.97',5,'BL460G8-1001-06'),(105,3,'10.60.28.99',5,'BL460G8-1001-07'),(106,3,'10.60.30.123',7,'StorageWorks-801-08'),(107,3,'10.60.30.131',7,'StorageWorks-801-16'),(108,3,'10.60.30.230',7,'StorageWorks-602-08'),(109,3,'10.60.30.238',7,'StorageWorks-602-16'),(110,4,'10.60.26.211',3,'BL460G8-801-05'),(111,4,'10.60.26.213',3,'BL460G8-801-06'),(112,4,'10.60.26.215',3,'BL460G8-801-07'),(113,4,'10.60.26.217',3,'BL460G8-801-09'),(114,4,'10.60.26.219',3,'BL460G8-801-10'),(115,4,'10.60.26.221',3,'BL460G8-801-11'),(116,4,'10.60.26.223',3,'BL460G8-801-12'),(117,4,'10.60.26.225',3,'BL460G8-801-13'),(118,4,'10.60.26.227',3,'BL460G8-801-14'),(119,4,'10.60.26.228',3,'BL460G8-801-15'),(120,4,'10.60.26.234',3,'BL460G8-602-09'),(121,4,'10.60.26.235',3,'BL460G8-602-10'),(122,4,'10.60.26.236',3,'BL460G8-602-11'),(123,4,'10.60.26.237',3,'BL460G8-602-12'),(124,4,'10.60.26.238',3,'BL460G8-602-13'),(125,4,'10.60.26.239',3,'BL460G8-602-14'),(126,4,'10.60.26.240',3,'BL460G8-602-15'),(127,4,'10.60.26.248',3,'BL460G8-602-01'),(128,4,'10.60.26.249',3,'BL460G8-602-02'),(129,4,'10.60.26.250',3,'BL460G8-602-03'),(130,4,'10.60.26.251',3,'BL460G8-602-04'),(131,4,'10.60.26.252',3,'BL460G8-602-05'),(132,4,'10.60.26.253',3,'BL460G8-602-06'),(133,4,'10.60.26.254',3,'BL460G8-602-07'),(134,4,'10.60.28.100',5,'BL460G8-1001-07'),(135,4,'10.60.28.102',5,'BL460G8-1001-08'),(136,4,'10.60.28.104',5,'BL460G8-1001-09'),(137,4,'10.60.28.106',5,'BL460G8-1001-10'),(138,4,'10.60.28.108',5,'BL460G8-1001-11'),(139,4,'10.60.28.110',5,'BL460G8-1001-12'),(140,4,'10.60.28.111',5,'BL460G8-1001-13'),(141,4,'10.60.28.113',5,'BL460G8-1001-14'),(142,4,'10.60.28.115',5,'BL460G8-1001-15'),(143,4,'10.60.28.117',5,'BL460G8-1001-16'),(144,4,'10.60.28.199',5,'BL460G8-801-02'),(145,4,'10.60.28.200',5,'BL620CG7-1101-08'),(146,4,'10.60.28.201',5,'BL460G8-1101-09'),(147,4,'10.60.28.202',5,'BL460G8-1101-03'),(148,4,'10.60.28.203',5,'BL460G8-1101-01'),(149,4,'10.60.28.204',5,'BL460G8-1101-15'),(150,4,'10.60.28.205',5,'BL460G6-1101-05'),(151,4,'10.60.28.206',5,'BL460G8-801-01'),(152,4,'10.60.28.208',5,'BL460G8-801-03'),(153,4,'10.60.28.210',5,'BL460G8-801-04'),(154,4,'10.60.28.236',5,'BL460G8-1102-01'),(155,4,'10.60.28.237',5,'BL460G8-1102-02'),(156,4,'10.60.28.238',5,'BL460G8-1102-03'),(157,4,'10.60.28.239',5,'BL460G8-1102-04'),(158,4,'10.60.28.240',5,'BL460G8-1102-05'),(159,4,'10.60.28.241',5,'BL460G8-1102-06'),(160,4,'10.60.28.242',5,'BL460G8-1102-07'),(161,4,'10.60.28.243',5,'BL460G8-1102-08'),(162,4,'10.60.28.244',5,'BL460G8-1102-09'),(163,4,'10.60.28.245',5,'BL460G8-1102-10'),(164,4,'10.60.28.246',5,'BL460G8-1102-11'),(165,4,'10.60.28.247',5,'BL460G8-1102-12'),(166,4,'10.60.28.248',5,'BL460G8-1102-13'),(167,4,'10.60.28.249',5,'BL460G8-1102-14'),(168,4,'10.60.28.250',5,'BL460G8-1102-15'),(169,4,'10.60.28.251',5,'BL460G8-1102-16'),(170,4,'10.60.28.43',5,'BL460G6-802-05'),(171,4,'10.60.28.44',5,'BL460G6-802-06'),(172,4,'10.60.28.45',5,'BL460G6-802-07'),(173,4,'10.60.28.46',5,'BL460G6-802-08'),(174,4,'10.60.28.47',5,'BL460G6-802-09'),(175,4,'10.60.28.48',5,'BL460G6-802-10'),(176,4,'10.60.28.49',5,'BL460G6-802-11'),(177,4,'10.60.28.50',5,'BL460G6-802-12'),(178,4,'10.60.28.51',5,'BL460G6-802-13'),(179,4,'10.60.28.52',5,'BL460G6-802-14'),(180,4,'10.60.28.53',5,'BL460G6-802-15'),(181,4,'10.60.28.54',5,'BL460G6-802-16'),(182,4,'10.60.28.56',5,'BL460G8-1002-01'),(183,4,'10.60.28.58',5,'BL460G8-1002-02'),(184,4,'10.60.28.60',5,'BL460G8-1002-03'),(185,4,'10.60.28.62',5,'BL460G8-1002-04'),(186,4,'10.60.28.64',5,'BL460G8-1002-05'),(187,4,'10.60.28.66',5,'BL460G8-1002-06'),(188,4,'10.60.28.68',5,'BL460G8-1002-07'),(189,4,'10.60.28.70',5,'BL460G8-1002-08'),(190,4,'10.60.28.72',5,'BL460G8-1002-09'),(191,4,'10.60.28.74',5,'BL460G8-1002-10'),(192,4,'10.60.28.76',5,'BL460G8-1002-11'),(193,4,'10.60.28.78',5,'BL460G8-1002-12'),(194,4,'10.60.28.80',5,'BL460G8-1002-13'),(195,4,'10.60.28.82',5,'BL460G8-1002-14'),(196,4,'10.60.28.84',5,'BL460G8-1002-15'),(197,4,'10.60.28.86',5,'BL460G8-1002-16'),(198,4,'10.60.28.88',5,'BL460G8-1001-01'),(199,4,'10.60.28.90',5,'BL460G8-1001-02'),(200,4,'10.60.28.92',5,'BL460G8-1001-03'),(201,4,'10.60.28.94',5,'BL460G8-1001-04'),(202,4,'10.60.28.96',5,'BL460G8-1001-05'),(203,4,'10.60.28.98',5,'BL460G8-1001-06'),(204,5,'10.60.26.156',3,'BL460G8-1102-01'),(205,5,'10.60.26.157',3,'BL460G8-1102-02'),(206,5,'10.60.26.158',3,'BL460G8-1102-03'),(207,5,'10.60.26.159',3,'BL460G8-1102-04'),(208,5,'10.60.26.160',3,'BL460G8-1102-05'),(209,5,'10.60.26.161',3,'BL460G8-1102-06'),(210,5,'10.60.26.162',3,'BL460G8-1102-07'),(211,5,'10.60.26.163',3,'BL460G8-1102-08'),(212,5,'10.60.26.164',3,'BL460G8-1102-09'),(213,5,'10.60.26.165',3,'BL460G8-1102-10'),(214,5,'10.60.26.166',3,'BL460G8-1102-11'),(215,5,'10.60.26.167',3,'BL460G8-1102-12'),(216,5,'10.60.26.168',3,'BL460G8-1102-13'),(217,5,'10.60.26.169',3,'BL460G8-1102-14'),(218,5,'10.60.26.170',3,'BL460G8-1102-15'),(219,5,'10.60.26.171',3,'BL460G8-1102-16'),(220,5,'10.60.27.141',4,'BL460G8-1101-01'),(221,5,'10.60.27.142',4,'BL460G8-1101-02'),(222,5,'10.60.27.143',4,'BL460G8-1101-03'),(223,5,'10.60.27.144',4,'BL460G8-1101-04'),(224,5,'10.60.27.145',4,'BL460G6-1101-05'),(225,5,'10.60.27.146',4,'BL460G6-1101-06'),(226,5,'10.60.27.147',4,'BL620CG7-1101-08'),(227,5,'10.60.27.148',4,'BL460G8-1101-09'),(228,5,'10.60.27.149',4,'BL460G8-1101-10'),(229,5,'10.60.27.150',4,'BL460G8-1101-11'),(230,5,'10.60.27.151',4,'BL460G8-1101-12'),(231,5,'10.60.27.152',4,'BL460G8-1101-13'),(232,5,'10.60.27.153',4,'BL460G8-1101-15'),(233,5,'10.60.27.203',4,'BL460G8-602-01'),(234,5,'10.60.27.204',4,'BL460G8-602-02'),(235,5,'10.60.27.205',4,'BL460G8-602-03'),(236,5,'10.60.27.206',4,'BL460G8-602-04'),(237,5,'10.60.27.207',4,'BL460G8-602-05'),(238,5,'10.60.27.208',4,'BL460G8-602-06'),(239,5,'10.60.27.209',4,'BL460G8-602-07'),(240,5,'10.60.27.213',4,'BL460G8-801-05'),(241,5,'10.60.27.214',4,'BL460G8-801-11'),(242,5,'10.60.27.216',4,'BL460G8-1001-01'),(243,5,'10.60.27.217',4,'BL460G8-1001-02'),(244,5,'10.60.27.218',4,'BL460G8-1001-03'),(245,5,'10.60.27.219',4,'BL460G8-1001-04'),(246,5,'10.60.27.220',4,'BL460G8-1001-05'),(247,5,'10.60.27.221',4,'BL460G8-1001-06'),(248,5,'10.60.27.222',4,'BL460G8-801-04'),(249,5,'10.60.27.223',4,'BL460G8-1001-07'),(250,5,'10.60.27.224',4,'BL460G8-1001-08'),(251,5,'10.60.27.225',4,'BL460G8-1001-09'),(252,5,'10.60.27.226',4,'BL460G8-1001-10'),(253,5,'10.60.27.227',4,'BL460G8-1001-11'),(254,5,'10.60.27.228',4,'BL460G8-1001-12'),(255,5,'10.60.27.229',4,'BL460G8-1001-13'),(256,5,'10.60.27.230',4,'BL460G8-1001-14'),(257,5,'10.60.27.231',4,'BL460G8-1001-15'),(258,5,'10.60.27.232',4,'BL460G8-1001-16'),(259,5,'10.60.27.241',4,'BL460G8-602-09'),(260,5,'10.60.27.242',4,'BL460G8-602-10'),(261,5,'10.60.27.243',4,'BL460G8-602-11'),(262,5,'10.60.27.244',4,'BL460G8-602-12'),(263,5,'10.60.27.245',4,'BL460G8-602-13'),(264,5,'10.60.27.246',4,'BL460G8-602-14'),(265,5,'10.60.27.247',4,'BL460G8-602-15'),(266,5,'10.60.27.248',4,'BL460G8-801-12'),(267,5,'10.60.27.249',4,'BL460G8-801-13'),(268,5,'10.60.27.250',4,'BL460G8-801-14'),(269,5,'10.60.27.251',4,'BL460G8-801-15'),(270,5,'10.60.27.252',4,'BL460G8-801-01'),(271,5,'10.60.27.253',4,'BL460G8-801-02'),(272,5,'10.60.27.254',4,'BL460G8-801-03'),(273,5,'10.60.27.27',4,'BL460G6-802-01'),(274,5,'10.60.27.28',4,'BL460G6-802-02'),(275,5,'10.60.27.29',4,'BL460G6-802-03'),(276,5,'10.60.27.30',4,'BL460G6-802-04'),(277,5,'10.60.27.31',4,'BL460G6-802-05'),(278,5,'10.60.27.32',4,'BL460G6-802-06'),(279,5,'10.60.27.33',4,'BL460G6-802-07'),(280,5,'10.60.27.34',4,'BL460G6-802-08'),(281,5,'10.60.27.35',4,'BL460G6-802-09'),(282,5,'10.60.27.36',4,'BL460G6-802-10'),(283,5,'10.60.27.37',4,'BL460G6-802-11'),(284,5,'10.60.27.38',4,'BL460G6-802-12'),(285,5,'10.60.27.39',4,'BL460G6-802-13'),(286,5,'10.60.27.40',4,'BL460G6-802-14'),(287,5,'10.60.27.41',4,'BL460G6-802-15'),(288,5,'10.60.27.42',4,'BL460G6-802-16'),(289,5,'10.60.27.43',4,'BL460G8-1002-01'),(290,5,'10.60.27.44',4,'BL460G8-1002-02'),(291,5,'10.60.27.45',4,'BL460G8-1002-03'),(292,5,'10.60.27.46',4,'BL460G8-1002-04'),(293,5,'10.60.27.47',4,'BL460G8-1002-05'),(294,5,'10.60.27.48',4,'BL460G8-1002-06'),(295,5,'10.60.27.49',4,'BL460G8-1002-07'),(296,5,'10.60.27.5',4,'BL460G8-801-06'),(297,5,'10.60.27.50',4,'BL460G8-1002-08'),(298,5,'10.60.27.51',4,'BL460G8-1002-09'),(299,5,'10.60.27.52',4,'BL460G8-1002-10'),(300,5,'10.60.27.53',4,'BL460G8-1002-11'),(301,5,'10.60.27.54',4,'BL460G8-1002-12'),(302,5,'10.60.27.55',4,'BL460G8-1002-13'),(303,5,'10.60.27.56',4,'BL460G8-1002-14'),(304,5,'10.60.27.57',4,'BL460G8-1002-15'),(305,5,'10.60.27.58',4,'BL460G8-1002-16'),(306,5,'10.60.27.59',4,'BL460G8-801-10'),(307,5,'10.60.27.60',4,'BL460G8-801-09'),(308,5,'10.60.27.7',4,'BL460G8-801-07'),(309,6,'10.60.29.141',6,'BL460G8-1101-01'),(310,6,'10.60.29.142',6,'BL460G8-1101-02'),(311,6,'10.60.29.143',6,'BL460G8-1101-03'),(312,6,'10.60.29.144',6,'BL460G8-1101-04'),(313,6,'10.60.29.145',6,'BL460G6-1101-05'),(314,6,'10.60.29.146',6,'BL460G6-1101-06'),(315,6,'10.60.29.147',6,'BL620CG7-1101-08'),(316,6,'10.60.29.148',6,'BL460G8-1101-09'),(317,6,'10.60.29.149',6,'BL460G8-1101-10'),(318,6,'10.60.29.150',6,'BL460G8-1101-11'),(319,6,'10.60.29.151',6,'BL460G8-1101-12'),(320,6,'10.60.29.152',6,'BL460G8-1101-13'),(321,6,'10.60.29.153',6,'BL460G8-1101-15'),(322,6,'10.60.29.156',6,'BL460G8-1102-01'),(323,6,'10.60.29.157',6,'BL460G8-1102-02'),(324,6,'10.60.29.158',6,'BL460G8-1102-03'),(325,6,'10.60.29.159',6,'BL460G8-1102-04'),(326,6,'10.60.29.160',6,'BL460G8-1102-05'),(327,6,'10.60.29.161',6,'BL460G8-1102-06'),(328,6,'10.60.29.162',6,'BL460G8-1102-07'),(329,6,'10.60.29.163',6,'BL460G8-1102-08'),(330,6,'10.60.29.164',6,'BL460G8-1102-09'),(331,6,'10.60.29.165',6,'BL460G8-1102-10'),(332,6,'10.60.29.166',6,'BL460G8-1102-11'),(333,6,'10.60.29.167',6,'BL460G8-1102-12'),(334,6,'10.60.29.168',6,'BL460G8-1102-13'),(335,6,'10.60.29.169',6,'BL460G8-1102-14'),(336,6,'10.60.29.170',6,'BL460G8-1102-15'),(337,6,'10.60.29.171',6,'BL460G8-1102-16'),(338,6,'10.60.29.203',6,'BL460G8-602-01'),(339,6,'10.60.29.204',6,'BL460G8-602-02'),(340,6,'10.60.29.205',6,'BL460G8-602-03'),(341,6,'10.60.29.206',6,'BL460G8-602-04'),(342,6,'10.60.29.207',6,'BL460G8-602-05'),(343,6,'10.60.29.208',6,'BL460G8-602-06'),(344,6,'10.60.29.209',6,'BL460G8-602-07'),(345,6,'10.60.29.221',6,'BL460G8-801-01'),(346,6,'10.60.29.222',6,'BL460G8-801-02'),(347,6,'10.60.29.223',6,'BL460G8-801-03'),(348,6,'10.60.29.224',6,'BL460G8-801-04'),(349,6,'10.60.29.241',6,'BL460G8-602-09'),(350,6,'10.60.29.242',6,'BL460G8-602-10'),(351,6,'10.60.29.243',6,'BL460G8-602-11'),(352,6,'10.60.29.244',6,'BL460G8-602-12'),(353,6,'10.60.29.245',6,'BL460G8-602-13'),(354,6,'10.60.29.246',6,'BL460G8-602-14'),(355,6,'10.60.29.247',6,'BL460G8-602-15'),(356,6,'10.60.29.248',6,'BL460G8-801-12'),(357,6,'10.60.29.249',6,'BL460G8-801-13'),(358,6,'10.60.29.250',6,'BL460G8-801-14'),(359,6,'10.60.29.251',6,'BL460G8-801-15'),(360,6,'10.60.29.27',6,'BL460G6-802-01'),(361,6,'10.60.29.28',6,'BL460G6-802-02'),(362,6,'10.60.29.29',6,'BL460G6-802-03'),(363,6,'10.60.29.30',6,'BL460G6-802-04'),(364,6,'10.60.29.31',6,'BL460G6-802-05'),(365,6,'10.60.29.32',6,'BL460G6-802-06'),(366,6,'10.60.29.33',6,'BL460G6-802-07'),(367,6,'10.60.29.34',6,'BL460G6-802-08'),(368,6,'10.60.29.35',6,'BL460G6-802-09'),(369,6,'10.60.29.36',6,'BL460G6-802-10'),(370,6,'10.60.29.37',6,'BL460G6-802-11'),(371,6,'10.60.29.38',6,'BL460G6-802-12'),(372,6,'10.60.29.39',6,'BL460G6-802-13'),(373,6,'10.60.29.40',6,'BL460G6-802-14'),(374,6,'10.60.29.41',6,'BL460G6-802-15'),(375,6,'10.60.29.42',6,'BL460G6-802-16'),(376,6,'10.60.29.43',6,'BL460G8-1002-01'),(377,6,'10.60.29.44',6,'BL460G8-1002-02'),(378,6,'10.60.29.45',6,'BL460G8-1002-03'),(379,6,'10.60.29.46',6,'BL460G8-1002-04'),(380,6,'10.60.29.47',6,'BL460G8-1002-05'),(381,6,'10.60.29.48',6,'BL460G8-1002-06'),(382,6,'10.60.29.49',6,'BL460G8-1002-07'),(383,6,'10.60.29.50',6,'BL460G8-1002-08'),(384,6,'10.60.29.51',6,'BL460G8-1002-09'),(385,6,'10.60.29.52',6,'BL460G8-1002-10'),(386,6,'10.60.29.53',6,'BL460G8-1002-11'),(387,6,'10.60.29.54',6,'BL460G8-1002-12'),(388,6,'10.60.29.55',6,'BL460G8-1002-13'),(389,6,'10.60.29.56',6,'BL460G8-1002-14'),(390,6,'10.60.29.57',6,'BL460G8-1002-15'),(391,6,'10.60.29.58',6,'BL460G8-1002-16'),(392,6,'10.60.29.59',6,'BL460G8-1001-01'),(393,6,'10.60.29.60',6,'BL460G8-1001-02'),(394,6,'10.60.29.61',6,'BL460G8-1001-03'),(395,6,'10.60.29.62',6,'BL460G8-1001-04'),(396,6,'10.60.29.63',6,'BL460G8-1001-05'),(397,6,'10.60.29.64',6,'BL460G8-1001-06'),(398,6,'10.60.29.65',6,'BL460G8-1001-07'),(399,6,'10.60.29.66',6,'BL460G8-1001-08'),(400,6,'10.60.29.67',6,'BL460G8-1001-09'),(401,6,'10.60.29.68',6,'BL460G8-1001-10'),(402,6,'10.60.29.69',6,'BL460G8-1001-11'),(403,6,'10.60.29.70',6,'BL460G8-1001-12'),(404,6,'10.60.29.71',6,'BL460G8-1001-13'),(405,6,'10.60.29.72',6,'BL460G8-1001-14'),(406,6,'10.60.29.73',6,'BL460G8-1001-15'),(407,6,'10.60.29.74',6,'BL460G8-1001-16'),(408,6,'10.60.29.79',6,'BL460G8-801-05'),(409,6,'10.60.29.80',6,'BL460G8-801-06'),(410,6,'10.60.29.81',6,'BL460G8-801-07'),(411,6,'10.60.29.82',6,'BL460G8-801-09'),(412,6,'10.60.29.83',6,'BL460G8-801-10'),(413,6,'10.60.29.84',6,'BL460G8-801-11'),(414,2,'10.60.30.105',7,'BL460G8-1102-03'),(415,2,'10.60.30.106',7,'BL460G8-1102-04'),(416,2,'10.60.30.116',7,'BL460G8-801-01'),(417,2,'10.60.30.117',7,'BL460G8-801-02'),(418,2,'10.60.30.118',7,'BL460G8-801-03'),(419,2,'10.60.30.119',7,'BL460G8-801-04'),(420,2,'10.60.30.120',7,'BL460G8-801-05'),(421,2,'10.60.30.121',7,'BL460G8-801-06'),(422,2,'10.60.30.122',7,'BL460G8-801-07'),(423,2,'10.60.30.124',7,'BL460G8-801-09'),(424,2,'10.60.30.125',7,'BL460G8-801-10'),(425,2,'10.60.30.126',7,'BL460G8-801-11'),(426,2,'10.60.30.127',7,'BL460G8-801-12'),(427,2,'10.60.30.128',7,'BL460G8-801-13'),(428,2,'10.60.30.129',7,'BL460G8-801-14'),(429,2,'10.60.30.130',7,'BL460G8-801-15'),(430,2,'10.60.30.141',7,'BL460G8-1101-01'),(431,2,'10.60.30.142',7,'BL460G8-1101-02'),(432,2,'10.60.30.143',7,'BL460G8-1101-03'),(433,2,'10.60.30.144',7,'BL460G8-1101-04'),(434,2,'10.60.30.145',7,'BL460G6-1101-05'),(435,2,'10.60.30.146',7,'BL460G6-1101-06'),(436,2,'10.60.30.147',7,'BL620CG7-1101-08'),(437,2,'10.60.30.148',7,'BL460G8-1101-09'),(438,2,'10.60.30.149',7,'BL460G8-1101-10'),(439,2,'10.60.30.150',7,'BL460G8-1101-11'),(440,2,'10.60.30.151',7,'BL460G8-1101-12'),(441,2,'10.60.30.152',7,'BL460G8-1101-13'),(442,2,'10.60.30.153',7,'BL460G8-1101-15'),(443,2,'10.60.30.156',7,'BL460G8-1102-01'),(444,2,'10.60.30.157',7,'BL460G8-1102-02'),(445,2,'10.60.30.160',7,'BL460G8-1102-05'),(446,2,'10.60.30.161',7,'BL460G8-1102-06'),(447,2,'10.60.30.162',7,'BL460G8-1102-07'),(448,2,'10.60.30.163',7,'BL460G8-1102-08'),(449,2,'10.60.30.164',7,'BL460G8-1102-09'),(450,2,'10.60.30.165',7,'BL460G8-1102-10'),(451,2,'10.60.30.166',7,'BL460G8-1102-11'),(452,2,'10.60.30.167',7,'BL460G8-1102-12'),(453,2,'10.60.30.168',7,'BL460G8-1102-13'),(454,2,'10.60.30.169',7,'BL460G8-1102-14'),(455,2,'10.60.30.170',7,'BL460G8-1102-15'),(456,2,'10.60.30.171',7,'BL460G8-1102-16'),(457,2,'10.60.30.223',7,'BL460G8-602-01'),(458,2,'10.60.30.224',7,'BL460G8-602-02'),(459,2,'10.60.30.225',7,'BL460G8-602-03'),(460,2,'10.60.30.226',7,'BL460G8-602-04'),(461,2,'10.60.30.227',7,'BL460G8-602-05'),(462,2,'10.60.30.228',7,'BL460G8-602-06'),(463,2,'10.60.30.229',7,'BL460G8-602-07'),(464,2,'10.60.30.231',7,'BL460G8-602-09'),(465,2,'10.60.30.232',7,'BL460G8-602-10'),(466,2,'10.60.30.233',7,'BL460G8-602-11'),(467,2,'10.60.30.234',7,'BL460G8-602-12'),(468,2,'10.60.30.235',7,'BL460G8-602-13'),(469,2,'10.60.30.236',7,'BL460G8-602-14'),(470,2,'10.60.30.237',7,'BL460G8-602-15'),(471,2,'10.60.30.27',7,'BL460G6-802-01'),(472,2,'10.60.30.28',7,'BL460G6-802-02'),(473,2,'10.60.30.29',7,'BL460G6-802-03'),(474,2,'10.60.30.30',7,'BL460G6-802-04'),(475,2,'10.60.30.31',7,'BL460G6-802-05'),(476,2,'10.60.30.32',7,'BL460G6-802-06'),(477,2,'10.60.30.33',7,'BL460G6-802-07'),(478,2,'10.60.30.34',7,'BL460G6-802-08'),(479,2,'10.60.30.35',7,'BL460G6-802-09'),(480,2,'10.60.30.36',7,'BL460G6-802-10'),(481,2,'10.60.30.37',7,'BL460G6-802-11'),(482,2,'10.60.30.38',7,'BL460G6-802-12'),(483,2,'10.60.30.39',7,'BL460G6-802-13'),(484,2,'10.60.30.40',7,'BL460G6-802-14'),(485,2,'10.60.30.41',7,'BL460G6-802-15'),(486,2,'10.60.30.42',7,'BL460G6-802-16'),(487,2,'10.60.30.60',7,'BL460G8-1001-01'),(488,2,'10.60.30.61',7,'BL460G8-1001-02'),(489,2,'10.60.30.62',7,'BL460G8-1001-03'),(490,2,'10.60.30.63',7,'BL460G8-1001-04'),(491,2,'10.60.30.64',7,'BL460G8-1001-05'),(492,2,'10.60.30.65',7,'BL460G8-1001-06'),(493,2,'10.60.30.66',7,'BL460G8-1001-07'),(494,2,'10.60.30.67',7,'BL460G8-1001-08'),(495,2,'10.60.30.68',7,'BL460G8-1001-09'),(496,2,'10.60.30.69',7,'BL460G8-1001-10'),(497,2,'10.60.30.70',7,'BL460G8-1001-11'),(498,2,'10.60.30.71',7,'BL460G8-1001-12'),(499,2,'10.60.30.72',7,'BL460G8-1001-13'),(500,2,'10.60.30.73',7,'BL460G8-1001-14'),(501,2,'10.60.30.74',7,'BL460G8-1001-15'),(502,2,'10.60.30.75',7,'BL460G8-1001-16'),(503,2,'10.60.30.76',7,'BL460G8-1002-01'),(504,2,'10.60.30.77',7,'BL460G8-1002-02'),(505,2,'10.60.30.78',7,'BL460G8-1002-03'),(506,2,'10.60.30.79',7,'BL460G8-1002-04'),(507,2,'10.60.30.80',7,'BL460G8-1002-05'),(508,2,'10.60.30.81',7,'BL460G8-1002-06'),(509,2,'10.60.30.82',7,'BL460G8-1002-07'),(510,2,'10.60.30.83',7,'BL460G8-1002-08'),(511,2,'10.60.30.84',7,'BL460G8-1002-09'),(512,2,'10.60.30.85',7,'BL460G8-1002-10'),(513,2,'10.60.30.86',7,'BL460G8-1002-11'),(514,2,'10.60.30.87',7,'BL460G8-1002-12'),(515,2,'10.60.30.88',7,'BL460G8-1002-13'),(516,2,'10.60.30.89',7,'BL460G8-1002-14'),(517,2,'10.60.30.90',7,'BL460G8-1002-15'),(518,2,'10.60.30.91',7,'BL460G8-1002-16'),(519,3,'10.60.27.182',4,'DL120G6-02'),(520,3,'10.60.27.183',4,'DL120G6-03'),(521,3,'10.60.27.184',4,'DL120G6-04'),(522,3,'10.60.27.185',4,'DL120G6-05'),(523,3,'10.60.27.186',4,'DL120G6-06'),(524,3,'10.60.27.187',4,'DL120G6-07'),(525,3,'10.60.27.188',4,'DL120G6-08'),(526,3,'10.60.27.189',4,'DL120G6-09'),(527,3,'10.60.27.190',4,'DL120G6-10'),(528,3,'10.60.27.191',4,'DL120G6-11'),(529,3,'10.60.27.192',4,'DL120G6-12'),(530,3,'10.60.27.194',4,'DL120G7-02'),(531,3,'10.60.27.195',4,'DL120G7-03'),(532,3,'10.60.27.196',4,'DL120G7-04'),(533,3,'10.60.27.197',4,'DL120G7-05'),(534,3,'10.60.27.198',4,'DL120G7-06'),(535,3,'10.60.27.199',4,'DL120G7-07'),(536,3,'10.60.27.200',4,'DL120G7-08'),(537,3,'10.60.27.201',4,'DL120G7-09'),(538,3,'10.60.27.202',4,'DL120G7-10'),(539,3,'10.60.28.11',5,'DL360G6-01'),(540,3,'10.60.28.119',5,'DL380PG8-01'),(541,3,'10.60.28.12',5,'DL360G6-02'),(542,3,'10.60.28.121',5,'DL380PG8-02'),(543,3,'10.60.28.123',5,'DL380PG8-03'),(544,3,'10.60.28.125',5,'DL380PG8-04'),(545,3,'10.60.28.127',5,'DL380PG8-05'),(546,3,'10.60.28.129',5,'DL380PG8-06'),(547,3,'10.60.28.13',5,'DL360G6-03'),(548,3,'10.60.28.131',5,'DL380PG8-07'),(549,3,'10.60.28.133',5,'DL380PG8-08'),(550,3,'10.60.28.135',5,'IBM3650-01'),(551,3,'10.60.28.136',5,'IBM3650-02'),(552,3,'10.60.28.137',5,'IBM3650-03'),(553,3,'10.60.28.138',5,'IBM3650-04'),(554,3,'10.60.28.139',5,'IBM3650-05'),(555,3,'10.60.28.14',5,'DL360G6-04'),(556,3,'10.60.28.140',5,'IBM3650-06'),(557,3,'10.60.28.15',5,'DL360G6-05'),(558,3,'10.60.28.16',5,'DL360G6-06'),(559,3,'10.60.28.17',5,'DL360G6-07'),(560,3,'10.60.28.172',5,'DL380PG8-11'),(561,3,'10.60.28.173',5,'DL380PG8-12'),(562,3,'10.60.28.174',5,'DL380PG8-13'),(563,3,'10.60.28.175',5,'DL380PG8-14'),(564,3,'10.60.28.176',5,'DL380PG8-15'),(565,3,'10.60.28.177',5,'DL380PG8-16'),(566,3,'10.60.28.178',5,'DL380PG8-17'),(567,3,'10.60.28.179',5,'DL380PG8-18'),(568,3,'10.60.28.18',5,'DL360G6-08'),(569,3,'10.60.28.180',5,'DL380PG8-19'),(570,3,'10.60.28.181',5,'DL380PG8-20'),(571,3,'10.60.28.182',5,'DL380PG8-21'),(572,3,'10.60.28.183',5,'DL380PG8-22'),(573,3,'10.60.28.184',5,'DL380PG8-09'),(574,3,'10.60.28.185',5,'DL380PG8-10'),(575,3,'10.60.28.19',5,'DL360G6-09'),(576,3,'10.60.28.20',5,'DL360G6-10'),(577,3,'10.60.28.21',5,'DL360G6-11'),(578,3,'10.60.28.22',5,'DL360G6-12'),(579,3,'10.60.28.23',5,'DL360G6-13'),(580,3,'10.60.28.24',5,'DL360G6-14'),(581,3,'10.60.28.25',5,'DL360G6-15'),(582,3,'10.60.28.26',5,'DL360G6-16'),(583,3,'10.60.30.134',7,'Mullins-04'),(584,3,'10.60.30.186',7,'Mullins-01'),(585,3,'10.60.30.187',7,'Mullins-02'),(586,3,'10.60.30.252',7,'Mullins-03'),(587,3,'10.60.30.57',7,'DL120G7-01'),(588,4,'10.60.28.120',5,'DL380PG8-01'),(589,4,'10.60.28.122',5,'DL380PG8-02'),(590,4,'10.60.28.124',5,'DL380PG8-03'),(591,4,'10.60.28.126',5,'DL380PG8-04'),(592,4,'10.60.28.128',5,'DL380PG8-05'),(593,4,'10.60.28.130',5,'DL380PG8-06'),(594,4,'10.60.28.132',5,'DL380PG8-07'),(595,4,'10.60.28.134',5,'DL380PG8-08'),(596,4,'10.60.28.195',5,'DL380PG8-14'),(597,4,'10.60.28.196',5,'DL380PG8-15'),(598,4,'10.60.28.197',5,'DL380PG8-16'),(599,4,'10.60.28.216',5,'DL380PG8-11'),(600,4,'10.60.28.217',5,'DL380PG8-12'),(601,4,'10.60.28.218',5,'DL380PG8-13'),(602,4,'10.60.28.219',5,'DL380PG8-17'),(603,4,'10.60.28.220',5,'DL380PG8-18'),(604,4,'10.60.30.135',7,'Mullins-04'),(605,4,'10.60.30.253',7,'Mullins-03'),(606,5,'10.60.26.172',3,'DL380PG8-11'),(607,5,'10.60.26.173',3,'DL380PG8-12'),(608,5,'10.60.26.174',3,'DL380PG8-13'),(609,5,'10.60.26.179',3,'DL380PG8-18'),(610,5,'10.60.26.180',3,'DL380PG8-19'),(611,5,'10.60.26.181',3,'DL380PG8-20'),(612,5,'10.60.26.182',3,'DL380PG8-21'),(613,5,'10.60.26.183',3,'DL380PG8-22'),(614,5,'10.60.26.184',3,'DL380PG8-09'),(615,5,'10.60.26.185',3,'DL380PG8-10'),(616,5,'10.60.27.11',4,'DL360G6-01'),(617,5,'10.60.27.12',4,'DL360G6-02'),(618,5,'10.60.27.13',4,'DL360G6-03'),(619,5,'10.60.27.14',4,'DL360G6-04'),(620,5,'10.60.27.15',4,'DL360G6-05'),(621,5,'10.60.27.16',4,'DL360G6-06'),(622,5,'10.60.27.17',4,'DL360G6-07'),(623,5,'10.60.27.18',4,'DL360G6-08'),(624,5,'10.60.27.19',4,'DL360G6-09'),(625,5,'10.60.27.20',4,'DL360G6-10'),(626,5,'10.60.27.21',4,'DL360G6-11'),(627,5,'10.60.27.22',4,'DL360G6-12'),(628,5,'10.60.27.23',4,'DL360G6-13'),(629,5,'10.60.27.233',4,'DL380PG8-01'),(630,5,'10.60.27.234',4,'DL380PG8-02'),(631,5,'10.60.27.235',4,'DL380PG8-03'),(632,5,'10.60.27.236',4,'DL380PG8-04'),(633,5,'10.60.27.237',4,'DL380PG8-05'),(634,5,'10.60.27.238',4,'DL380PG8-06'),(635,5,'10.60.27.239',4,'DL380PG8-07'),(636,5,'10.60.27.24',4,'DL360G6-14'),(637,5,'10.60.27.240',4,'DL380PG8-08'),(638,5,'10.60.27.25',4,'DL360G6-15'),(639,5,'10.60.27.26',4,'DL360G6-16'),(640,5,'10.60.29.135',6,'IBM3650-01'),(641,5,'10.60.29.136',6,'IBM3650-02'),(642,5,'10.60.29.137',6,'IBM3650-03'),(643,5,'10.60.29.138',6,'IBM3650-04'),(644,5,'10.60.29.139',6,'IBM3650-05'),(645,5,'10.60.29.149',6,'IBM3650-06'),(646,5,'10.60.29.175',6,'DL380PG8-14'),(647,5,'10.60.29.176',6,'DL380PG8-15'),(648,5,'10.60.29.177',6,'DL380PG8-16'),(649,5,'10.60.29.178',6,'DL380PG8-17'),(650,6,'10.60.26.175',3,'DL380PG8-14'),(651,6,'10.60.26.176',3,'DL380PG8-15'),(652,6,'10.60.26.177',3,'DL380PG8-16'),(653,6,'10.60.26.178',3,'DL380PG8-17'),(654,6,'10.60.26.195',3,'IBM3650-01'),(655,6,'10.60.26.196',3,'IBM3650-02'),(656,6,'10.60.26.197',3,'IBM3650-03'),(657,6,'10.60.26.198',3,'IBM3650-04'),(658,6,'10.60.26.199',3,'IBM3650-05'),(659,6,'10.60.26.200',3,'IBM3650-06'),(660,6,'10.60.29.11',6,'DL360G6-01'),(661,6,'10.60.29.12',6,'DL360G6-02'),(662,6,'10.60.29.13',6,'DL360G6-03'),(663,6,'10.60.29.14',6,'DL360G6-04'),(664,6,'10.60.29.15',6,'DL360G6-05'),(665,6,'10.60.29.16',6,'DL360G6-06'),(666,6,'10.60.29.17',6,'DL360G6-07'),(667,6,'10.60.29.172',6,'DL380PG8-11'),(668,6,'10.60.29.173',6,'DL380PG8-12'),(669,6,'10.60.29.174',6,'DL380PG8-13'),(670,6,'10.60.29.179',6,'DL380PG8-18'),(671,6,'10.60.29.18',6,'DL360G6-08'),(672,6,'10.60.29.180',6,'DL380PG8-19'),(673,6,'10.60.29.181',6,'DL380PG8-20'),(674,6,'10.60.29.182',6,'DL380PG8-21'),(675,6,'10.60.29.183',6,'DL380PG8-22'),(676,6,'10.60.29.184',6,'DL380PG8-09'),(677,6,'10.60.29.185',6,'DL380PG8-10'),(678,6,'10.60.29.19',6,'DL360G6-09'),(679,6,'10.60.29.20',6,'DL360G6-10'),(680,6,'10.60.29.21',6,'DL360G6-11'),(681,6,'10.60.29.22',6,'DL360G6-12'),(682,6,'10.60.29.23',6,'DL360G6-13'),(683,6,'10.60.29.24',6,'DL360G6-14'),(684,6,'10.60.29.25',6,'DL360G6-15'),(685,6,'10.60.29.26',6,'DL360G6-16'),(686,6,'10.60.29.75',6,'DL380PG8-01'),(687,6,'10.60.29.76',6,'DL380PG8-02'),(688,6,'10.60.29.77',6,'DL380PG8-03'),(689,6,'10.60.29.78',6,'DL380PG8-04'),(690,2,'10.60.30.100',7,'DL380PG8-04'),(691,2,'10.60.30.101',7,'DL380PG8-05'),(692,2,'10.60.30.102',7,'DL380PG8-06'),(693,2,'10.60.30.103',7,'DL380PG8-07'),(694,2,'10.60.30.104',7,'DL380PG8-08'),(695,2,'10.60.30.11',7,'DL360G6-01'),(696,2,'10.60.30.12',7,'DL360G6-02'),(697,2,'10.60.30.13',7,'DL360G6-03'),(698,2,'10.60.30.14',7,'DL360G6-04'),(699,2,'10.60.30.15',7,'DL360G6-05'),(700,2,'10.60.30.16',7,'DL360G6-06'),(701,2,'10.60.30.17',7,'DL360G6-07'),(702,2,'10.60.30.172',7,'DL380PG8-11'),(703,2,'10.60.30.173',7,'DL380PG8-12'),(704,2,'10.60.30.174',7,'DL380PG8-13'),(705,2,'10.60.30.175',7,'DL380PG8-14'),(706,2,'10.60.30.176',7,'DL380PG8-15'),(707,2,'10.60.30.177',7,'DL380PG8-16'),(708,2,'10.60.30.178',7,'DL380PG8-17'),(709,2,'10.60.30.179',7,'DL380PG8-18'),(710,2,'10.60.30.18',7,'DL360G6-08'),(711,2,'10.60.30.180',7,'DL380PG8-19'),(712,2,'10.60.30.181',7,'DL380PG8-20'),(713,2,'10.60.30.182',7,'DL380PG8-21'),(714,2,'10.60.30.183',7,'DL380PG8-22'),(715,2,'10.60.30.184',7,'DL380PG8-09'),(716,2,'10.60.30.185',7,'DL380PG8-10'),(717,2,'10.60.30.19',7,'DL360G6-09'),(718,2,'10.60.30.20',7,'DL360G6-10'),(719,2,'10.60.30.21',7,'DL360G6-11'),(720,2,'10.60.30.22',7,'DL360G6-12'),(721,2,'10.60.30.23',7,'DL360G6-13'),(722,2,'10.60.30.24',7,'DL360G6-14'),(723,2,'10.60.30.25',7,'DL360G6-15'),(724,2,'10.60.30.26',7,'DL360G6-16'),(725,2,'10.60.30.45',7,'DL120G7-01'),(726,2,'10.60.30.46',7,'DL120G7-02'),(727,2,'10.60.30.47',7,'DL120G7-03'),(728,2,'10.60.30.48',7,'DL120G7-04'),(729,2,'10.60.30.49',7,'DL120G7-05'),(730,2,'10.60.30.50',7,'DL120G7-06'),(731,2,'10.60.30.51',7,'DL120G7-07'),(732,2,'10.60.30.52',7,'DL120G7-08'),(733,2,'10.60.30.55',7,'DL120G7-09'),(734,2,'10.60.30.56',7,'DL120G7-10'),(735,2,'10.60.30.97',7,'DL380PG8-01'),(736,2,'10.60.30.98',7,'DL380PG8-02'),(737,2,'10.60.30.99',7,'DL380PG8-03'),(738,1,'10.60.27.210',4,'IBM3650-06'),(739,1,'10.60.27.210',4,'IBM3650-02'),(740,1,'10.60.27.210',4,'IBM3650-01'),(741,1,'10.60.27.210',4,'IBM3650-05'),(742,1,'10.60.27.210',4,'IBM3650-04'),(743,1,'10.60.27.210',4,'IBM3650-03');
/*!40000 ALTER TABLE `ip_info` ENABLE KEYS */;
UNLOCK TABLES;

--
-- Table structure for table `ip_map`
--

DROP TABLE IF EXISTS `ip_map`;
/*!40101 SET @saved_cs_client     = @@character_set_client */;
/*!40101 SET character_set_client = utf8 */;
CREATE TABLE `ip_map` (
  `ipid` int(11) NOT NULL,
  `devid` int(11) NOT NULL
) ENGINE=InnoDB DEFAULT CHARSET=latin1;
/*!40101 SET character_set_client = @saved_cs_client */;

--
-- Dumping data for table `ip_map`
--

LOCK TABLES `ip_map` WRITE;
/*!40000 ALTER TABLE `ip_map` DISABLE KEYS */;
INSERT INTO `ip_map` VALUES (1,1),(2,2),(3,3),(4,4),(5,5),(6,6),(7,7),(8,21),(9,22),(10,23),(11,25),(12,26),(13,27),(14,28),(15,29),(16,30),(17,31),(18,9),(19,10),(20,11),(21,12),(22,13),(23,14),(24,15),(25,56),(26,57),(27,58),(28,59),(29,60),(30,61),(31,62),(32,63),(33,64),(34,81),(35,82),(36,83),(37,84),(38,85),(39,86),(40,87),(41,88),(42,89),(43,90),(44,91),(45,92),(46,94),(47,95),(48,96),(49,97),(50,98),(51,99),(52,100),(53,101),(54,102),(55,103),(56,104),(57,105),(58,106),(59,107),(60,108),(61,109),(62,110),(63,17),(64,18),(65,19),(66,20),(67,33),(68,34),(69,35),(70,36),(71,37),(72,38),(73,39),(74,40),(75,41),(76,42),(77,43),(78,44),(79,45),(80,46),(81,47),(82,48),(83,65),(84,66),(85,67),(86,68),(87,69),(88,70),(89,71),(90,72),(91,73),(92,74),(93,75),(94,76),(95,77),(96,78),(97,79),(98,80),(99,49),(100,50),(101,51),(102,52),(103,53),(104,54),(105,55),(106,24),(107,32),(108,8),(109,16),(110,21),(111,22),(112,23),(113,25),(114,26),(115,27),(116,28),(117,29),(118,30),(119,31),(120,9),(121,10),(122,11),(123,12),(124,13),(125,14),(126,15),(127,1),(128,2),(129,3),(130,4),(131,5),(132,6),(133,7),(134,55),(135,56),(136,57),(137,58),(138,59),(139,60),(140,61),(141,62),(142,63),(143,64),(144,18),(145,87),(146,88),(147,83),(148,81),(149,94),(150,85),(151,17),(152,19),(153,20),(154,95),(155,96),(156,97),(157,98),(158,99),(159,100),(160,101),(161,102),(162,103),(163,104),(164,105),(165,106),(166,107),(167,108),(168,109),(169,110),(170,37),(171,38),(172,39),(173,40),(174,41),(175,42),(176,43),(177,44),(178,45),(179,46),(180,47),(181,48),(182,65),(183,66),(184,67),(185,68),(186,69),(187,70),(188,71),(189,72),(190,73),(191,74),(192,75),(193,76),(194,77),(195,78),(196,79),(197,80),(198,49),(199,50),(200,51),(201,52),(202,53),(203,54),(204,95),(205,96),(206,97),(207,98),(208,99),(209,100),(210,101),(211,102),(212,103),(213,104),(214,105),(215,106),(216,107),(217,108),(218,109),(219,110),(220,81),(221,82),(222,83),(223,84),(224,85),(225,86),(226,87),(227,88),(228,89),(229,90),(230,91),(231,92),(232,94),(233,1),(234,2),(235,3),(236,4),(237,5),(238,6),(239,7),(240,21),(241,27),(242,49),(243,50),(244,51),(245,52),(246,53),(247,54),(248,20),(249,55),(250,56),(251,57),(252,58),(253,59),(254,60),(255,61),(256,62),(257,63),(258,64),(259,9),(260,10),(261,11),(262,12),(263,13),(264,14),(265,15),(266,28),(267,29),(268,30),(269,31),(270,17),(271,18),(272,19),(273,33),(274,34),(275,35),(276,36),(277,37),(278,38),(279,39),(280,40),(281,41),(282,42),(283,43),(284,44),(285,45),(286,46),(287,47),(288,48),(289,65),(290,66),(291,67),(292,68),(293,69),(294,70),(295,71),(296,22),(297,72),(298,73),(299,74),(300,75),(301,76),(302,77),(303,78),(304,79),(305,80),(306,26),(307,25),(308,23),(309,81),(310,82),(311,83),(312,84),(313,85),(314,86),(315,87),(316,88),(317,89),(318,90),(319,91),(320,92),(321,94),(322,95),(323,96),(324,97),(325,98),(326,99),(327,100),(328,101),(329,102),(330,103),(331,104),(332,105),(333,106),(334,107),(335,108),(336,109),(337,110),(338,1),(339,2),(340,3),(341,4),(342,5),(343,6),(344,7),(345,17),(346,18),(347,19),(348,20),(349,9),(350,10),(351,11),(352,12),(353,13),(354,14),(355,15),(356,28),(357,29),(358,30),(359,31),(360,33),(361,34),(362,35),(363,36),(364,37),(365,38),(366,39),(367,40),(368,41),(369,42),(370,43),(371,44),(372,45),(373,46),(374,47),(375,48),(376,65),(377,66),(378,67),(379,68),(380,69),(381,70),(382,71),(383,72),(384,73),(385,74),(386,75),(387,76),(388,77),(389,78),(390,79),(391,80),(392,49),(393,50),(394,51),(395,52),(396,53),(397,54),(398,55),(399,56),(400,57),(401,58),(402,59),(403,60),(404,61),(405,62),(406,63),(407,64),(408,21),(409,22),(410,23),(411,25),(412,26),(413,27),(414,97),(415,98),(416,17),(417,18),(418,19),(419,20),(420,21),(421,22),(422,23),(423,25),(424,26),(425,27),(426,28),(427,29),(428,30),(429,31),(430,81),(431,82),(432,83),(433,84),(434,85),(435,86),(436,87),(437,88),(438,89),(439,90),(440,91),(441,92),(442,94),(443,95),(444,96),(445,99),(446,100),(447,101),(448,102),(449,103),(450,104),(451,105),(452,106),(453,107),(454,108),(455,109),(456,110),(457,1),(458,2),(459,3),(460,4),(461,5),(462,6),(463,7),(464,9),(465,10),(466,11),(467,12),(468,13),(469,14),(470,15),(471,33),(472,34),(473,35),(474,36),(475,37),(476,38),(477,39),(478,40),(479,41),(480,42),(481,43),(482,44),(483,45),(484,46),(485,47),(486,48),(487,49),(488,50),(489,51),(490,52),(491,53),(492,54),(493,55),(494,56),(495,57),(496,58),(497,59),(498,60),(499,61),(500,62),(501,63),(502,64),(503,65),(504,66),(505,67),(506,68),(507,69),(508,70),(509,71),(510,72),(511,73),(512,74),(513,75),(514,76),(515,77),(516,78),(517,79),(518,80),(519,133),(520,134),(521,135),(522,136),(523,137),(524,138),(525,139),(526,140),(527,141),(528,142),(529,143),(530,145),(531,146),(532,147),(533,148),(534,149),(535,150),(536,151),(537,152),(538,153),(539,111),(540,120),(541,112),(542,121),(543,122),(544,123),(545,124),(546,125),(547,113),(548,126),(549,127),(550,154),(551,155),(552,156),(553,157),(554,158),(555,114),(556,159),(557,115),(558,116),(559,117),(560,165),(561,166),(562,167),(563,168),(564,169),(565,161),(566,170),(567,171),(568,118),(569,162),(570,163),(571,172),(572,164),(573,160),(574,128),(575,173),(576,174),(577,175),(578,176),(579,177),(580,178),(581,179),(582,180),(583,132),(584,129),(585,130),(586,131),(587,144),(588,120),(589,121),(590,122),(591,123),(592,124),(593,125),(594,126),(595,127),(596,168),(597,169),(598,161),(599,165),(600,166),(601,167),(602,170),(603,171),(604,132),(605,131),(606,165),(607,166),(608,167),(609,171),(610,162),(611,163),(612,172),(613,164),(614,160),(615,128),(616,111),(617,112),(618,113),(619,114),(620,115),(621,116),(622,117),(623,118),(624,173),(625,174),(626,175),(627,176),(628,177),(629,120),(630,121),(631,122),(632,123),(633,124),(634,125),(635,126),(636,178),(637,127),(638,179),(639,180),(640,154),(641,155),(642,156),(643,157),(644,158),(645,159),(646,168),(647,169),(648,161),(649,170),(650,168),(651,169),(652,161),(653,170),(654,154),(655,155),(656,156),(657,157),(658,158),(659,159),(660,111),(661,112),(662,113),(663,114),(664,115),(665,116),(666,117),(667,165),(668,166),(669,167),(670,171),(671,118),(672,162),(673,163),(674,172),(675,164),(676,160),(677,128),(678,173),(679,174),(680,175),(681,176),(682,177),(683,178),(684,179),(685,180),(686,120),(687,121),(688,122),(689,123),(690,123),(691,124),(692,125),(693,126),(694,127),(695,111),(696,112),(697,113),(698,114),(699,115),(700,116),(701,117),(702,165),(703,166),(704,167),(705,168),(706,169),(707,161),(708,170),(709,171),(710,118),(711,162),(712,163),(713,172),(714,164),(715,160),(716,128),(717,173),(718,174),(719,175),(720,176),(721,177),(722,178),(723,179),(724,180),(725,144),(726,145),(727,146),(728,147),(729,148),(730,149),(731,150),(732,151),(733,152),(734,153),(735,120),(736,121),(737,122),(738,159),(739,155),(740,154),(741,158),(742,157),(743,156);
/*!40000 ALTER TABLE `ip_map` ENABLE KEYS */;
UNLOCK TABLES;

--
-- Table structure for table `iptag_dict`
--

DROP TABLE IF EXISTS `iptag_dict`;
/*!40101 SET @saved_cs_client     = @@character_set_client */;
/*!40101 SET character_set_client = utf8 */;
CREATE TABLE `iptag_dict` (
  `iptag` tinyint(4) NOT NULL AUTO_INCREMENT,
  `tagname` varchar(100) DEFAULT NULL,
  PRIMARY KEY (`iptag`)
) ENGINE=InnoDB AUTO_INCREMENT=7 DEFAULT CHARSET=latin1;
/*!40101 SET character_set_client = @saved_cs_client */;

--
-- Dumping data for table `iptag_dict`
--

LOCK TABLES `iptag_dict` WRITE;
/*!40000 ALTER TABLE `iptag_dict` DISABLE KEYS */;
INSERT INTO `iptag_dict` VALUES (1,'Teriminal Server'),(2,'LOM(iLO/RMM'),(3,'OAM1'),(4,'OAM2'),(5,'SIGA'),(6,'SIGB');
/*!40000 ALTER TABLE `iptag_dict` ENABLE KEYS */;
UNLOCK TABLES;

--
-- Table structure for table `livevm_info`
--

DROP TABLE IF EXISTS `livevm_info`;
/*!40101 SET @saved_cs_client     = @@character_set_client */;
/*!40101 SET character_set_client = utf8 */;
CREATE TABLE `livevm_info` (
  `devname` varchar(100) DEFAULT NULL,
  `poolname` varchar(100) DEFAULT NULL
) ENGINE=InnoDB DEFAULT CHARSET=latin1;
/*!40101 SET character_set_client = @saved_cs_client */;

--
-- Dumping data for table `livevm_info`
--

LOCK TABLES `livevm_info` WRITE;
/*!40000 ALTER TABLE `livevm_info` DISABLE KEYS */;
/*!40000 ALTER TABLE `livevm_info` ENABLE KEYS */;
UNLOCK TABLES;

--
-- Table structure for table `pool_info`
--

DROP TABLE IF EXISTS `pool_info`;
/*!40101 SET @saved_cs_client     = @@character_set_client */;
/*!40101 SET character_set_client = utf8 */;
CREATE TABLE `pool_info` (
  `poolid` int(11) NOT NULL AUTO_INCREMENT,
  `poolname` varchar(40) NOT NULL,
  `vmmid` int(11) NOT NULL,
  `comments` varchar(255) DEFAULT NULL,
  PRIMARY KEY (`poolid`)
) ENGINE=InnoDB DEFAULT CHARSET=latin1;
/*!40101 SET character_set_client = @saved_cs_client */;

--
-- Dumping data for table `pool_info`
--

LOCK TABLES `pool_info` WRITE;
/*!40000 ALTER TABLE `pool_info` DISABLE KEYS */;
/*!40000 ALTER TABLE `pool_info` ENABLE KEYS */;
UNLOCK TABLES;

--
-- Table structure for table `project_dict`
--

DROP TABLE IF EXISTS `project_dict`;
/*!40101 SET @saved_cs_client     = @@character_set_client */;
/*!40101 SET character_set_client = utf8 */;
CREATE TABLE `project_dict` (
  `project` int(11) NOT NULL AUTO_INCREMENT,
  `projectname` varchar(100) DEFAULT NULL,
  PRIMARY KEY (`project`)
) ENGINE=InnoDB AUTO_INCREMENT=12 DEFAULT CHARSET=latin1;
/*!40101 SET character_set_client = @saved_cs_client */;

--
-- Dumping data for table `project_dict`
--

LOCK TABLES `project_dict` WRITE;
/*!40000 ALTER TABLE `project_dict` DISABLE KEYS */;
INSERT INTO `project_dict` VALUES (1,'Wireline'),(2,'KT9.7'),(3,'KT'),(4,'CMCC'),(5,'CMP'),(6,'App'),(7,'Platform'),(8,'Mediation test'),(9,'Java'),(10,'Cable'),(11,'Automation');
/*!40000 ALTER TABLE `project_dict` ENABLE KEYS */;
UNLOCK TABLES;

--
-- Table structure for table `subnet_dict`
--

DROP TABLE IF EXISTS `subnet_dict`;
/*!40101 SET @saved_cs_client     = @@character_set_client */;
/*!40101 SET character_set_client = utf8 */;
CREATE TABLE `subnet_dict` (
  `subtype` int(11) NOT NULL AUTO_INCREMENT,
  `subtypename` varchar(100) DEFAULT NULL,
  PRIMARY KEY (`subtype`)
) ENGINE=InnoDB AUTO_INCREMENT=4 DEFAULT CHARSET=latin1;
/*!40101 SET character_set_client = @saved_cs_client */;

--
-- Dumping data for table `subnet_dict`
--

LOCK TABLES `subnet_dict` WRITE;
/*!40000 ALTER TABLE `subnet_dict` DISABLE KEYS */;
INSERT INTO `subnet_dict` VALUES (1,'PUBLIC'),(2,'PRIVATE'),(3,'DIRECT');
/*!40000 ALTER TABLE `subnet_dict` ENABLE KEYS */;
UNLOCK TABLES;

--
-- Table structure for table `subnet_info`
--

DROP TABLE IF EXISTS `subnet_info`;
/*!40101 SET @saved_cs_client     = @@character_set_client */;
/*!40101 SET character_set_client = utf8 */;
CREATE TABLE `subnet_info` (
  `subnetid` int(11) NOT NULL AUTO_INCREMENT,
  `subnet` varchar(40) DEFAULT NULL,
  `subtype` tinyint(4) DEFAULT NULL,
  `gateway` varchar(40) DEFAULT NULL,
  `board` varchar(40) DEFAULT NULL,
  `netmask` varchar(40) DEFAULT NULL,
  `ipcount` int(11) NOT NULL,
  `vlan` varchar(40) DEFAULT NULL,
  `addrtype` tinyint(4) NOT NULL,
  `comments` varchar(255) DEFAULT NULL,
  PRIMARY KEY (`subnetid`)
) ENGINE=InnoDB AUTO_INCREMENT=19 DEFAULT CHARSET=latin1;
/*!40101 SET character_set_client = @saved_cs_client */;

--
-- Dumping data for table `subnet_info`
--

LOCK TABLES `subnet_info` WRITE;
/*!40000 ALTER TABLE `subnet_info` DISABLE KEYS */;
INSERT INTO `subnet_info` VALUES (1,'10.60.24.0',1,'10.60.24.1','10.60.24.255','24',255,'240',0,'VLAN240'),(2,'10.60.25.0',1,'10.60.25.1','10.60.25.255','24',255,'250',0,'VLAN250'),(3,'10.60.26.0',1,'10.60.26.1','10.60.26.255','24',255,'260',0,'VLAN260'),(4,'10.60.27.0',1,'10.60.27.1','10.60.27.255','24',255,'270',0,'VLAN270'),(5,'10.60.28.0',1,'10.60.28.1','10.60.28.255','24',255,'280',0,'VLAN280'),(6,'10.60.29.0',1,'10.60.29.1','10.60.29.255','24',255,'290',0,'VLAN290'),(7,'10.60.30.0',1,'10.60.30.1','10.60.30.255','24',255,'300',0,'VLAN300'),(8,'10.60.32.0',1,'10.60.32.1','10.60.32.255','24',255,'300',0,'VLAN32'),(9,'10.60.33.0',1,'10.60.33.1','10.60.33.255','24',255,'33',0,'VLAN33'),(10,'10.60.40.0',1,'10.60.40.1','10.60.40.255','24',255,'400',0,'VLAN400'),(11,'10.60.56.0',1,'10.60.56.1','10.60.56.255','24',255,'56',0,'VLAN56'),(12,'10.60.57.0',1,'10.60.56.1','10.60.57.255','24',255,'56',0,'VLAN56'),(13,'10.60.58.0',1,'10.60.56.1','10.60.58.255','24',255,'56',0,'VLAN56'),(14,'10.60.59.0',1,'10.60.56.1','10.60.59.255','24',255,'56',0,'VLAN56'),(15,'10.60.60.0',1,'10.60.56.1','10.60.60.255','24',255,'56',0,'VLAN56'),(16,'10.60.61.0',1,'10.60.56.1','10.60.61.255','24',255,'56',0,'VLAN56'),(17,'10.60.62.0',1,'10.60.56.1','10.60.62.255','24',255,'56',0,'VLAN56'),(18,'10.60.63.0',1,'10.60.56.1','10.60.63.255','24',255,'56',0,'VLAN56');
/*!40000 ALTER TABLE `subnet_info` ENABLE KEYS */;
UNLOCK TABLES;

--
-- Table structure for table `ugroup_dict`
--

DROP TABLE IF EXISTS `ugroup_dict`;
/*!40101 SET @saved_cs_client     = @@character_set_client */;
/*!40101 SET character_set_client = utf8 */;
CREATE TABLE `ugroup_dict` (
  `ugroup` int(11) NOT NULL AUTO_INCREMENT,
  `groupname` varchar(100) DEFAULT NULL,
  PRIMARY KEY (`ugroup`)
) ENGINE=InnoDB AUTO_INCREMENT=15 DEFAULT CHARSET=latin1;
/*!40101 SET character_set_client = @saved_cs_client */;

--
-- Dumping data for table `ugroup_dict`
--

LOCK TABLES `ugroup_dict` WRITE;
/*!40000 ALTER TABLE `ugroup_dict` DISABLE KEYS */;
INSERT INTO `ugroup_dict` VALUES (1,'Upgrade'),(2,'Nanjing QA'),(3,'Nanjing Dev'),(4,'Nanjing PV'),(5,'DS'),(6,'Automation'),(7,'NPX'),(8,'Longevity'),(9,'LAB'),(10,'Broken'),(11,'CS'),(12,'IOT'),(13,'DV'),(14,'Platform');
/*!40000 ALTER TABLE `ugroup_dict` ENABLE KEYS */;
UNLOCK TABLES;

--
-- Table structure for table `user_info`
--

DROP TABLE IF EXISTS `user_info`;
/*!40101 SET @saved_cs_client     = @@character_set_client */;
/*!40101 SET character_set_client = utf8 */;
CREATE TABLE `user_info` (
  `userid` int(11) NOT NULL AUTO_INCREMENT,
  `user` varchar(100) NOT NULL,
  `password` varchar(100) DEFAULT NULL,
  `ugroup` int(11) DEFAULT NULL,
  `email` varchar(100) DEFAULT NULL,
  `location` varchar(100) DEFAULT NULL,
  `comments` varchar(255) DEFAULT NULL,
  PRIMARY KEY (`userid`)
) ENGINE=InnoDB AUTO_INCREMENT=48 DEFAULT CHARSET=latin1;
/*!40101 SET character_set_client = @saved_cs_client */;

--
-- Dumping data for table `user_info`
--

LOCK TABLES `user_info` WRITE;
/*!40000 ALTER TABLE `user_info` DISABLE KEYS */;
INSERT INTO `user_info` VALUES (1,'Aaron Yang','',3,NULL,NULL,NULL),(2,'Alex','',3,NULL,NULL,NULL),(3,'App','',3,NULL,NULL,NULL),(4,'Atang','',4,NULL,NULL,NULL),(5,'Baker','',3,NULL,NULL,NULL),(6,'Ben','',3,NULL,NULL,NULL),(7,'Candy','',4,NULL,NULL,NULL),(8,'Carson','',4,NULL,NULL,NULL),(9,'Catherine Liu','',4,NULL,NULL,NULL),(10,'Chen toby','',4,NULL,NULL,NULL),(11,'CMP','',3,NULL,NULL,NULL),(12,'Cooke','',4,NULL,NULL,NULL),(13,'Daniel','',4,NULL,NULL,NULL),(14,'Faye','',4,NULL,NULL,NULL),(15,'Frank Chen','',4,NULL,NULL,NULL),(16,'Fu haiwei','',4,NULL,NULL,NULL),(17,'Helen','',4,NULL,NULL,NULL),(18,'Huirong','',4,NULL,NULL,NULL),(19,'Jack Wu','',4,NULL,NULL,NULL),(20,'Jasmine','',4,NULL,NULL,NULL),(21,'Jason','',4,NULL,NULL,NULL),(22,'Java','',3,NULL,NULL,NULL),(23,'Jenny','',4,NULL,NULL,NULL),(24,'Jianwei','',4,NULL,NULL,NULL),(25,'Leo xie','',4,NULL,NULL,NULL),(26,'Li zisong','',4,NULL,NULL,NULL),(27,'Liming Peng','',4,NULL,NULL,NULL),(28,'Lisa','',4,NULL,NULL,NULL),(29,'LiuXu','',4,NULL,NULL,NULL),(30,'Lu huiming','',4,NULL,NULL,NULL),(31,'Lu ming','',3,NULL,NULL,NULL),(32,'Morgan','',4,NULL,NULL,NULL),(33,'Rainbow','',4,NULL,NULL,NULL),(34,'Shawn','',4,NULL,NULL,NULL),(35,'Shelly','',4,NULL,NULL,NULL),(36,'Shi liangang','',4,NULL,NULL,NULL),(37,'Su Wang','',4,NULL,NULL,NULL),(38,'Su yongzhe','',4,NULL,NULL,NULL),(39,'Teng','',4,NULL,NULL,NULL),(40,'Tina','',4,NULL,NULL,NULL),(41,'Tom','',3,NULL,NULL,NULL),(42,'Tony zhu','',4,NULL,NULL,NULL),(43,'Vigil','',4,NULL,NULL,NULL),(44,'Wen ju','',4,NULL,NULL,NULL),(45,'Will','',4,NULL,NULL,NULL),(46,'YH','',4,NULL,NULL,NULL),(47,'Zhenzhen','',4,NULL,NULL,NULL);
UNLOCK TABLES;

--
-- Table structure for table `vmm_info`
--

DROP TABLE IF EXISTS `vmm_info`;
/*!40101 SET @saved_cs_client     = @@character_set_client */;
/*!40101 SET character_set_client = utf8 */;
CREATE TABLE `vmm_info` (
  `vmmid` int(11) NOT NULL AUTO_INCREMENT,
  `vmmip` varchar(40) NOT NULL,
  `vmmuser` varchar(50) NOT NULL,
  `vmmpass` varchar(50) DEFAULT NULL,
  `comments` varchar(255) DEFAULT NULL,
  PRIMARY KEY (`vmmid`)
) ENGINE=InnoDB DEFAULT CHARSET=latin1;
/*!40101 SET character_set_client = @saved_cs_client */;

--
-- Dumping data for table `vmm_info`
--

LOCK TABLES `vmm_info` WRITE;
/*!40000 ALTER TABLE `vmm_info` DISABLE KEYS */;
/*!40000 ALTER TABLE `vmm_info` ENABLE KEYS */;
UNLOCK TABLES;
/*!40103 SET TIME_ZONE=@OLD_TIME_ZONE */;

/*!40101 SET SQL_MODE=@OLD_SQL_MODE */;
/*!40014 SET FOREIGN_KEY_CHECKS=@OLD_FOREIGN_KEY_CHECKS */;
/*!40014 SET UNIQUE_CHECKS=@OLD_UNIQUE_CHECKS */;
/*!40101 SET CHARACTER_SET_CLIENT=@OLD_CHARACTER_SET_CLIENT */;
/*!40101 SET CHARACTER_SET_RESULTS=@OLD_CHARACTER_SET_RESULTS */;
/*!40101 SET COLLATION_CONNECTION=@OLD_COLLATION_CONNECTION */;
/*!40111 SET SQL_NOTES=@OLD_SQL_NOTES */;

-- Dump completed on 2014-07-15 14:19:39
